{"inputUnits":[132],"outputUnits":3,"inputs":{"x1":{"dtype":"number","min":0.381712794,"max":0.527736187},"y1":{"dtype":"number","min":0.060889855,"max":0.343912631},"z1":{"dtype":"number","min":-0.583097756,"max":-0.112340108},"v1":{"dtype":"number","min":0.997526407,"max":0.999975026},"x2":{"dtype":"number","min":0.389867276,"max":0.531091571},"y2":{"dtype":"number","min":0.049508251,"max":0.328446656},"z2":{"dtype":"number","min":-0.556425571,"max":-0.096048437},"v2":{"dtype":"number","min":0.996476054,"max":0.999954164},"x3":{"dtype":"number","min":0.39265722,"max":0.534187973},"y3":{"dtype":"number","min":0.05056946,"max":0.327441603},"z3":{"dtype":"number","min":-0.556421936,"max":-0.096044585},"v3":{"dtype":"number","min":0.994710803,"max":0.999942899},"x4":{"dtype":"number","min":0.395665705,"max":0.537755311},"y4":{"dtype":"number","min":0.051664334,"max":0.326506019},"z4":{"dtype":"number","min":-0.556467414,"max":-0.096114464},"v4":{"dtype":"number","min":0.995797694,"max":0.999937654},"x5":{"dtype":"number","min":0.386375755,"max":0.522973001},"y5":{"dtype":"number","min":0.048758555,"max":0.328509659},"z5":{"dtype":"number","min":-0.555974424,"max":-0.105826199},"v5":{"dtype":"number","min":0.994596541,"max":0.999960363},"x6":{"dtype":"number","min":0.386792481,"max":0.521970034},"y6":{"dtype":"number","min":0.049265966,"max":0.32783255},"z6":{"dtype":"number","min":-0.556228995,"max":-0.10585463},"v6":{"dtype":"number","min":0.994226873,"max":0.999957919},"x7":{"dtype":"number","min":0.387409508,"max":0.521411538},"y7":{"dtype":"number","min":0.049948223,"max":0.327459961},"z7":{"dtype":"number","min":-0.556381464,"max":-0.105900764},"v7":{"dtype":"number","min":0.993527591,"max":0.999965906},"x8":{"dtype":"number","min":0.414311022,"max":0.542044461},"y8":{"dtype":"number","min":0.0644034,"max":0.328175426},"z8":{"dtype":"number","min":-0.400665522,"max":0.032897688},"v8":{"dtype":"number","min":0.99591279,"max":0.999927342},"x9":{"dtype":"number","min":0.39884764,"max":0.521193683},"y9":{"dtype":"number","min":0.063807458,"max":0.330896795},"z9":{"dtype":"number","min":-0.398120433,"max":0.00795701},"v9":{"dtype":"number","min":0.994184256,"max":0.999955177},"x10":{"dtype":"number","min":0.39185521,"max":0.533267319},"y10":{"dtype":"number","min":0.081860155,"max":0.356207788},"z10":{"dtype":"number","min":-0.526212335,"max":-0.079265475},"v10":{"dtype":"number","min":0.994913518,"max":0.999975741},"x11":{"dtype":"number","min":0.386731893,"max":0.524687648},"y11":{"dtype":"number","min":0.080087282,"max":0.355957657},"z11":{"dtype":"number","min":-0.525998354,"max":-0.09174782},"v11":{"dtype":"number","min":0.996275723,"max":0.999982595},"x12":{"dtype":"number","min":0.487133086,"max":0.565632701},"y12":{"dtype":"number","min":0.180350602,"max":0.38807407},"z12":{"dtype":"number","min":-0.304568022,"max":0.076336101},"v12":{"dtype":"number","min":0.991665423,"max":0.999937475},"x13":{"dtype":"number","min":0.377304733,"max":0.512976229},"y13":{"dtype":"number","min":0.182715863,"max":0.392099828},"z13":{"dtype":"number","min":-0.303100497,"max":0.099162713},"v13":{"dtype":"number","min":0.997415066,"max":0.999895096},"x14":{"dtype":"number","min":0.515138626,"max":0.625101149},"y14":{"dtype":"number","min":0.261989474,"max":0.388744533},"z14":{"dtype":"number","min":-0.489556253,"max":0.05732267},"v14":{"dtype":"number","min":0.850391865,"max":0.99751246},"x15":{"dtype":"number","min":0.280038446,"max":0.516073287},"y15":{"dtype":"number","min":0.270090848,"max":0.342310697},"z15":{"dtype":"number","min":-0.488698661,"max":0.077144928},"v15":{"dtype":"number","min":0.951907754,"max":0.99557519},"x16":{"dtype":"number","min":0.5103302,"max":0.708485842},"y16":{"dtype":"number","min":0.165547505,"max":0.412505984},"z16":{"dtype":"number","min":-0.729259849,"max":0.016211621},"v16":{"dtype":"number","min":0.376685172,"max":0.987689018},"x17":{"dtype":"number","min":0.191929013,"max":0.519722462},"y17":{"dtype":"number","min":0.168026745,"max":0.339805931},"z17":{"dtype":"number","min":-0.740893722,"max":-0.049076736},"v17":{"dtype":"number","min":0.599409878,"max":0.988951743},"x18":{"dtype":"number","min":0.492316008,"max":0.735192537},"y18":{"dtype":"number","min":0.140359446,"max":0.421560705},"z18":{"dtype":"number","min":-0.782996118,"max":-0.003452789},"v18":{"dtype":"number","min":0.332026839,"max":0.962409675},"x19":{"dtype":"number","min":0.163169637,"max":0.524959326},"y19":{"dtype":"number","min":0.143362597,"max":0.335068107},"z19":{"dtype":"number","min":-0.793195605,"max":-0.073918983},"v19":{"dtype":"number","min":0.450806677,"max":0.965821028},"x20":{"dtype":"number","min":0.491768032,"max":0.74010998},"y20":{"dtype":"number","min":0.140363961,"max":0.419116765},"z20":{"dtype":"number","min":-0.747476459,"max":0.001941137},"v20":{"dtype":"number","min":0.3233428,"max":0.967901289},"x21":{"dtype":"number","min":0.159509659,"max":0.525938928},"y21":{"dtype":"number","min":0.140619308,"max":0.333839357},"z21":{"dtype":"number","min":-0.766515076,"max":-0.060434341},"v21":{"dtype":"number","min":0.429747462,"max":0.97139138},"x22":{"dtype":"number","min":0.496190071,"max":0.728412271},"y22":{"dtype":"number","min":0.14925082,"max":0.416906744},"z22":{"dtype":"number","min":-0.718338668,"max":0.012626724},"v22":{"dtype":"number","min":0.282390505,"max":0.966616333},"x23":{"dtype":"number","min":0.169496849,"max":0.524036646},"y23":{"dtype":"number","min":0.151122257,"max":0.340369433},"z23":{"dtype":"number","min":-0.73358041,"max":-0.048933756},"v23":{"dtype":"number","min":0.367122054,"max":0.976226628},"x24":{"dtype":"number","min":0.489015907,"max":0.563903213},"y24":{"dtype":"number","min":0.333985895,"max":0.606278002},"z24":{"dtype":"number","min":-0.071957126,"max":0.067375638},"v24":{"dtype":"number","min":0.987156928,"max":0.999454737},"x25":{"dtype":"number","min":0.41576156,"max":0.530916333},"y25":{"dtype":"number","min":0.336449265,"max":0.62480104},"z25":{"dtype":"number","min":-0.067594379,"max":0.071860582},"v25":{"dtype":"number","min":0.98360759,"max":0.99967885},"x26":{"dtype":"number","min":0.504794896,"max":0.669419169},"y26":{"dtype":"number","min":0.384791911,"max":0.749911308},"z26":{"dtype":"number","min":-0.253123343,"max":0.049058493},"v26":{"dtype":"number","min":0.491004288,"max":0.995190382},"x27":{"dtype":"number","min":0.29353255,"max":0.520866692},"y27":{"dtype":"number","min":0.430708528,"max":0.788771927},"z27":{"dtype":"number","min":-0.213247061,"max":0.053983063},"v27":{"dtype":"number","min":0.442204922,"max":0.994968951},"x28":{"dtype":"number","min":0.498286396,"max":0.695107043},"y28":{"dtype":"number","min":0.42110011,"max":0.924642861},"z28":{"dtype":"number","min":-0.130428642,"max":0.271554649},"v28":{"dtype":"number","min":0.069277912,"max":0.993941426},"x29":{"dtype":"number","min":0.297170997,"max":0.544502676},"y29":{"dtype":"number","min":0.441903055,"max":0.946253598},"z29":{"dtype":"number","min":-0.04575792,"max":0.302652895},"v29":{"dtype":"number","min":0.060120512,"max":0.991278231},"x30":{"dtype":"number","min":0.494770706,"max":0.717094779},"y30":{"dtype":"number","min":0.426343292,"max":0.949456155},"z30":{"dtype":"number","min":-0.127541423,"max":0.296454042},"v30":{"dtype":"number","min":0.098083571,"max":0.946785867},"x31":{"dtype":"number","min":0.320431948,"max":0.557657123},"y31":{"dtype":"number","min":0.435524911,"max":0.960086524},"z31":{"dtype":"number","min":-0.04130156,"max":0.322926641},"v31":{"dtype":"number","min":0.05698261,"max":0.979592383},"x32":{"dtype":"number","min":0.494552195,"max":0.72700876},"y32":{"dtype":"number","min":0.444155395,"max":0.977915108},"z32":{"dtype":"number","min":-0.269285768,"max":0.23638919},"v32":{"dtype":"number","min":0.06579905,"max":0.976436853},"x33":{"dtype":"number","min":0.239057928,"max":0.54897058},"y33":{"dtype":"number","min":0.461769551,"max":0.986635029},"z33":{"dtype":"number","min":-0.153893322,